{
  "language_pair": "eng-hau",
  "timestamp": "2025-09-17T06:26:49.025637",
  "models": {
    "nvidia_abacusai_dracarys_llama_3_1_70b_instruct": 88.84044170379639,
    "nvidia_ai21labs_jamba_1_5_large_instruct": 88.84044170379639,
    "nvidia_deepseek_ai_deepseek_r1_0528": 88.84044170379639,
    "nvidia_deepseek_ai_deepseek_v3_1": 88.84044170379639,
    "nvidia_google_gemma_2_27b_it": 88.84044170379639,
    "nvidia_gotocompany_gemma_2_9b_cpt_sahabatai_instruct": 88.84044170379639,
    "nvidia_meta_llama_3_3_70b_instruct": 88.84044170379639,
    "nvidia_moonshotai_kimi_k2_instruct": 88.84044170379639,
    "nvidia_nvidia_llama_3_1_nemotron_70b_instruct": 88.84044170379639,
    "nvidia_nvidia_llama_3_1_nemotron_ultra_253b_v1": 88.84044170379639,
    "nvidia_openai_gpt_oss_120b": 88.84044170379639,
    "nvidia_qwen_qwen3_coder_480b_a35b_instruct": 88.84044170379639,
    "nvidia_qwen_qwq_32b": 88.84044170379639,
    "nvidia_writer_palmyra_creative_122b": 88.84044170379639
  },
  "average_score": 88.84044170379639,
  "best_model": "nvidia_abacusai_dracarys_llama_3_1_70b_instruct",
  "best_score": 88.84044170379639,
  "source_breakdown": {
    "nvidia_deepseek_ai_deepseek_r1_0528": {
      "academic": 89.93552923202515,
      "literature": 87.82528281211853,
      "news": 88.76051306724548
    },
    "nvidia_ai21labs_jamba_1_5_large_instruct": {
      "academic": 89.93552923202515,
      "literature": 87.82528281211853,
      "news": 88.76051306724548
    },
    "nvidia_meta_llama_3_3_70b_instruct": {
      "academic": 89.93552923202515,
      "literature": 87.82528281211853,
      "news": 88.76051306724548
    },
    "nvidia_abacusai_dracarys_llama_3_1_70b_instruct": {
      "academic": 89.93552923202515,
      "literature": 87.82528281211853,
      "news": 88.76051306724548
    },
    "nvidia_qwen_qwq_32b": {
      "academic": 89.93552923202515,
      "literature": 87.82528281211853,
      "news": 88.76051306724548
    },
    "nvidia_google_gemma_2_27b_it": {
      "academic": 89.93552923202515,
      "literature": 87.82528281211853,
      "news": 88.76051306724548
    },
    "nvidia_nvidia_llama_3_1_nemotron_70b_instruct": {
      "academic": 89.93552923202515,
      "literature": 87.82528281211853,
      "news": 88.76051306724548
    },
    "nvidia_deepseek_ai_deepseek_v3_1": {
      "academic": 89.93552923202515,
      "literature": 87.82528281211853,
      "news": 88.76051306724548
    },
    "nvidia_openai_gpt_oss_120b": {
      "academic": 89.93552923202515,
      "literature": 87.82528281211853,
      "news": 88.76051306724548
    },
    "nvidia_moonshotai_kimi_k2_instruct": {
      "academic": 89.93552923202515,
      "literature": 87.82528281211853,
      "news": 88.76051306724548
    },
    "nvidia_nvidia_llama_3_1_nemotron_ultra_253b_v1": {
      "academic": 89.93552923202515,
      "literature": 87.82528281211853,
      "news": 88.76051306724548
    },
    "nvidia_writer_palmyra_creative_122b": {
      "academic": 89.93552923202515,
      "literature": 87.82528281211853,
      "news": 88.76051306724548
    },
    "nvidia_qwen_qwen3_coder_480b_a35b_instruct": {
      "academic": 89.93552923202515,
      "literature": 87.82528281211853,
      "news": 88.76051306724548
    },
    "nvidia_gotocompany_gemma_2_9b_cpt_sahabatai_instruct": {
      "academic": 89.93552923202515,
      "literature": 87.82528281211853,
      "news": 88.76051306724548
    }
  }
}