{
  "language_pair": "eng-kik",
  "timestamp": "2025-09-17T06:26:49.013228",
  "models": {
    "nvidia_abacusai_dracarys_llama_3_1_70b_instruct": 80.91759026050568,
    "nvidia_ai21labs_jamba_1_5_large_instruct": 80.91759026050568,
    "nvidia_deepseek_ai_deepseek_r1_0528": 80.91759026050568,
    "nvidia_deepseek_ai_deepseek_v3_1": 80.91759026050568,
    "nvidia_google_gemma_2_27b_it": 80.91759026050568,
    "nvidia_gotocompany_gemma_2_9b_cpt_sahabatai_instruct": 80.91759026050568,
    "nvidia_meta_llama_3_3_70b_instruct": 80.91759026050568,
    "nvidia_moonshotai_kimi_k2_instruct": 80.91759026050568,
    "nvidia_nvidia_llama_3_1_nemotron_70b_instruct": 80.91759026050568,
    "nvidia_nvidia_llama_3_1_nemotron_ultra_253b_v1": 80.91759026050568,
    "nvidia_openai_gpt_oss_120b": 80.91759026050568,
    "nvidia_qwen_qwen3_coder_480b_a35b_instruct": 80.91759026050568,
    "nvidia_qwen_qwq_32b": 80.91759026050568,
    "nvidia_writer_palmyra_creative_122b": 80.91759026050568
  },
  "average_score": 80.91759026050568,
  "best_model": "nvidia_abacusai_dracarys_llama_3_1_70b_instruct",
  "best_score": 80.91759026050568,
  "source_breakdown": {
    "nvidia_deepseek_ai_deepseek_r1_0528": {
      "academic": 92.09784865379333,
      "literature": 59.253663420677185,
      "news": 91.40125870704651
    },
    "nvidia_ai21labs_jamba_1_5_large_instruct": {
      "academic": 92.09784865379333,
      "literature": 59.253663420677185,
      "news": 91.40125870704651
    },
    "nvidia_meta_llama_3_3_70b_instruct": {
      "academic": 92.09784865379333,
      "literature": 59.253663420677185,
      "news": 91.40125870704651
    },
    "nvidia_abacusai_dracarys_llama_3_1_70b_instruct": {
      "academic": 92.09784865379333,
      "literature": 59.253663420677185,
      "news": 91.40125870704651
    },
    "nvidia_qwen_qwq_32b": {
      "academic": 92.09784865379333,
      "literature": 59.253663420677185,
      "news": 91.40125870704651
    },
    "nvidia_google_gemma_2_27b_it": {
      "academic": 92.09784865379333,
      "literature": 59.253663420677185,
      "news": 91.40125870704651
    },
    "nvidia_nvidia_llama_3_1_nemotron_70b_instruct": {
      "academic": 92.09784865379333,
      "literature": 59.253663420677185,
      "news": 91.40125870704651
    },
    "nvidia_deepseek_ai_deepseek_v3_1": {
      "academic": 92.09784865379333,
      "literature": 59.253663420677185,
      "news": 91.40125870704651
    },
    "nvidia_openai_gpt_oss_120b": {
      "academic": 92.09784865379333,
      "literature": 59.253663420677185,
      "news": 91.40125870704651
    },
    "nvidia_moonshotai_kimi_k2_instruct": {
      "academic": 92.09784865379333,
      "literature": 59.253663420677185,
      "news": 91.40125870704651
    },
    "nvidia_nvidia_llama_3_1_nemotron_ultra_253b_v1": {
      "academic": 92.09784865379333,
      "literature": 59.253663420677185,
      "news": 91.40125870704651
    },
    "nvidia_writer_palmyra_creative_122b": {
      "academic": 92.09784865379333,
      "literature": 59.253663420677185,
      "news": 91.40125870704651
    },
    "nvidia_qwen_qwen3_coder_480b_a35b_instruct": {
      "academic": 92.09784865379333,
      "literature": 59.253663420677185,
      "news": 91.40125870704651
    },
    "nvidia_gotocompany_gemma_2_9b_cpt_sahabatai_instruct": {
      "academic": 92.09784865379333,
      "literature": 59.253663420677185,
      "news": 91.40125870704651
    }
  }
}