{
  "language_pair": "eng-swa",
  "timestamp": "2025-09-17T06:26:49.064587",
  "models": {
    "nvidia_abacusai_dracarys_llama_3_1_70b_instruct": 92.90616909662883,
    "nvidia_ai21labs_jamba_1_5_large_instruct": 92.90616909662883,
    "nvidia_deepseek_ai_deepseek_r1_0528": 92.90616909662883,
    "nvidia_deepseek_ai_deepseek_v3_1": 92.90616909662883,
    "nvidia_google_gemma_2_27b_it": 92.90616909662883,
    "nvidia_gotocompany_gemma_2_9b_cpt_sahabatai_instruct": 92.90616909662883,
    "nvidia_meta_llama_3_3_70b_instruct": 92.90616909662883,
    "nvidia_moonshotai_kimi_k2_instruct": 92.90616909662883,
    "nvidia_nvidia_llama_3_1_nemotron_70b_instruct": 92.90616909662883,
    "nvidia_nvidia_llama_3_1_nemotron_ultra_253b_v1": 92.90616909662883,
    "nvidia_openai_gpt_oss_120b": 92.90616909662883,
    "nvidia_qwen_qwen3_coder_480b_a35b_instruct": 92.90616909662883,
    "nvidia_qwen_qwq_32b": 92.90616909662883,
    "nvidia_writer_palmyra_creative_122b": 92.90616909662883
  },
  "average_score": 92.90616909662883,
  "best_model": "nvidia_abacusai_dracarys_llama_3_1_70b_instruct",
  "best_score": 92.90616909662883,
  "source_breakdown": {
    "nvidia_deepseek_ai_deepseek_r1_0528": {
      "academic": 89.91814136505127,
      "literature": 97.00299978256226,
      "news": 91.79736614227295
    },
    "nvidia_ai21labs_jamba_1_5_large_instruct": {
      "academic": 89.91814136505127,
      "literature": 97.00299978256226,
      "news": 91.79736614227295
    },
    "nvidia_meta_llama_3_3_70b_instruct": {
      "academic": 89.91814136505127,
      "literature": 97.00299978256226,
      "news": 91.79736614227295
    },
    "nvidia_abacusai_dracarys_llama_3_1_70b_instruct": {
      "academic": 89.91814136505127,
      "literature": 97.00299978256226,
      "news": 91.79736614227295
    },
    "nvidia_qwen_qwq_32b": {
      "academic": 89.91814136505127,
      "literature": 97.00299978256226,
      "news": 91.79736614227295
    },
    "nvidia_google_gemma_2_27b_it": {
      "academic": 89.91814136505127,
      "literature": 97.00299978256226,
      "news": 91.79736614227295
    },
    "nvidia_nvidia_llama_3_1_nemotron_70b_instruct": {
      "academic": 89.91814136505127,
      "literature": 97.00299978256226,
      "news": 91.79736614227295
    },
    "nvidia_deepseek_ai_deepseek_v3_1": {
      "academic": 89.91814136505127,
      "literature": 97.00299978256226,
      "news": 91.79736614227295
    },
    "nvidia_openai_gpt_oss_120b": {
      "academic": 89.91814136505127,
      "literature": 97.00299978256226,
      "news": 91.79736614227295
    },
    "nvidia_moonshotai_kimi_k2_instruct": {
      "academic": 89.91814136505127,
      "literature": 97.00299978256226,
      "news": 91.79736614227295
    },
    "nvidia_nvidia_llama_3_1_nemotron_ultra_253b_v1": {
      "academic": 89.91814136505127,
      "literature": 97.00299978256226,
      "news": 91.79736614227295
    },
    "nvidia_writer_palmyra_creative_122b": {
      "academic": 89.91814136505127,
      "literature": 97.00299978256226,
      "news": 91.79736614227295
    },
    "nvidia_qwen_qwen3_coder_480b_a35b_instruct": {
      "academic": 89.91814136505127,
      "literature": 97.00299978256226,
      "news": 91.79736614227295
    },
    "nvidia_gotocompany_gemma_2_9b_cpt_sahabatai_instruct": {
      "academic": 89.91814136505127,
      "literature": 97.00299978256226,
      "news": 91.79736614227295
    }
  }
}