{
  "language_pair": "eng-nya",
  "timestamp": "2025-09-17T06:26:49.080537",
  "models": {
    "nvidia_abacusai_dracarys_llama_3_1_70b_instruct": 78.23428412278493,
    "nvidia_ai21labs_jamba_1_5_large_instruct": 78.23428412278493,
    "nvidia_deepseek_ai_deepseek_r1_0528": 78.23428412278493,
    "nvidia_deepseek_ai_deepseek_v3_1": 78.23428412278493,
    "nvidia_google_gemma_2_27b_it": 78.23428412278493,
    "nvidia_gotocompany_gemma_2_9b_cpt_sahabatai_instruct": 78.23428412278493,
    "nvidia_meta_llama_3_3_70b_instruct": 78.23428412278493,
    "nvidia_moonshotai_kimi_k2_instruct": 78.23428412278493,
    "nvidia_nvidia_llama_3_1_nemotron_70b_instruct": 78.23428412278493,
    "nvidia_nvidia_llama_3_1_nemotron_ultra_253b_v1": 78.23428412278493,
    "nvidia_openai_gpt_oss_120b": 78.23428412278493,
    "nvidia_qwen_qwen3_coder_480b_a35b_instruct": 78.23428412278493,
    "nvidia_qwen_qwq_32b": 78.23428412278493,
    "nvidia_writer_palmyra_creative_122b": 78.23428412278493
  },
  "average_score": 78.23428412278494,
  "best_model": "nvidia_abacusai_dracarys_llama_3_1_70b_instruct",
  "best_score": 78.23428412278493,
  "source_breakdown": {
    "nvidia_deepseek_ai_deepseek_r1_0528": {
      "academic": 80.89265584945679,
      "literature": 73.78593742847443,
      "news": 80.02425909042358
    },
    "nvidia_ai21labs_jamba_1_5_large_instruct": {
      "academic": 80.89265584945679,
      "literature": 73.78593742847443,
      "news": 80.02425909042358
    },
    "nvidia_meta_llama_3_3_70b_instruct": {
      "academic": 80.89265584945679,
      "literature": 73.78593742847443,
      "news": 80.02425909042358
    },
    "nvidia_abacusai_dracarys_llama_3_1_70b_instruct": {
      "academic": 80.89265584945679,
      "literature": 73.78593742847443,
      "news": 80.02425909042358
    },
    "nvidia_qwen_qwq_32b": {
      "academic": 80.89265584945679,
      "literature": 73.78593742847443,
      "news": 80.02425909042358
    },
    "nvidia_google_gemma_2_27b_it": {
      "academic": 80.89265584945679,
      "literature": 73.78593742847443,
      "news": 80.02425909042358
    },
    "nvidia_nvidia_llama_3_1_nemotron_70b_instruct": {
      "academic": 80.89265584945679,
      "literature": 73.78593742847443,
      "news": 80.02425909042358
    },
    "nvidia_deepseek_ai_deepseek_v3_1": {
      "academic": 80.89265584945679,
      "literature": 73.78593742847443,
      "news": 80.02425909042358
    },
    "nvidia_openai_gpt_oss_120b": {
      "academic": 80.89265584945679,
      "literature": 73.78593742847443,
      "news": 80.02425909042358
    },
    "nvidia_moonshotai_kimi_k2_instruct": {
      "academic": 80.89265584945679,
      "literature": 73.78593742847443,
      "news": 80.02425909042358
    },
    "nvidia_nvidia_llama_3_1_nemotron_ultra_253b_v1": {
      "academic": 80.89265584945679,
      "literature": 73.78593742847443,
      "news": 80.02425909042358
    },
    "nvidia_writer_palmyra_creative_122b": {
      "academic": 80.89265584945679,
      "literature": 73.78593742847443,
      "news": 80.02425909042358
    },
    "nvidia_qwen_qwen3_coder_480b_a35b_instruct": {
      "academic": 80.89265584945679,
      "literature": 73.78593742847443,
      "news": 80.02425909042358
    },
    "nvidia_gotocompany_gemma_2_9b_cpt_sahabatai_instruct": {
      "academic": 80.89265584945679,
      "literature": 73.78593742847443,
      "news": 80.02425909042358
    }
  }
}