{
  "language_pair": "eng-kmb",
  "timestamp": "2025-09-17T06:26:49.044114",
  "models": {
    "nvidia_abacusai_dracarys_llama_3_1_70b_instruct": 63.79262117048105,
    "nvidia_ai21labs_jamba_1_5_large_instruct": 63.79262117048105,
    "nvidia_deepseek_ai_deepseek_r1_0528": 63.79262117048105,
    "nvidia_deepseek_ai_deepseek_v3_1": 63.79262117048105,
    "nvidia_google_gemma_2_27b_it": 63.79262117048105,
    "nvidia_gotocompany_gemma_2_9b_cpt_sahabatai_instruct": 63.79262117048105,
    "nvidia_meta_llama_3_3_70b_instruct": 63.79262117048105,
    "nvidia_moonshotai_kimi_k2_instruct": 63.79262117048105,
    "nvidia_nvidia_llama_3_1_nemotron_70b_instruct": 63.79262117048105,
    "nvidia_nvidia_llama_3_1_nemotron_ultra_253b_v1": 63.79262117048105,
    "nvidia_openai_gpt_oss_120b": 63.79262117048105,
    "nvidia_qwen_qwen3_coder_480b_a35b_instruct": 63.79262117048105,
    "nvidia_qwen_qwq_32b": 63.79262117048105,
    "nvidia_writer_palmyra_creative_122b": 63.79262117048105
  },
  "average_score": 63.79262117048106,
  "best_model": "nvidia_abacusai_dracarys_llama_3_1_70b_instruct",
  "best_score": 63.79262117048105,
  "source_breakdown": {
    "nvidia_deepseek_ai_deepseek_r1_0528": {
      "academic": 78.16552616655827,
      "literature": 40.78970268368721,
      "news": 72.42263466119766
    },
    "nvidia_ai21labs_jamba_1_5_large_instruct": {
      "academic": 78.16552616655827,
      "literature": 40.78970268368721,
      "news": 72.42263466119766
    },
    "nvidia_meta_llama_3_3_70b_instruct": {
      "academic": 78.16552616655827,
      "literature": 40.78970268368721,
      "news": 72.42263466119766
    },
    "nvidia_abacusai_dracarys_llama_3_1_70b_instruct": {
      "academic": 78.16552616655827,
      "literature": 40.78970268368721,
      "news": 72.42263466119766
    },
    "nvidia_qwen_qwq_32b": {
      "academic": 78.16552616655827,
      "literature": 40.78970268368721,
      "news": 72.42263466119766
    },
    "nvidia_google_gemma_2_27b_it": {
      "academic": 78.16552616655827,
      "literature": 40.78970268368721,
      "news": 72.42263466119766
    },
    "nvidia_nvidia_llama_3_1_nemotron_70b_instruct": {
      "academic": 78.16552616655827,
      "literature": 40.78970268368721,
      "news": 72.42263466119766
    },
    "nvidia_deepseek_ai_deepseek_v3_1": {
      "academic": 78.16552616655827,
      "literature": 40.78970268368721,
      "news": 72.42263466119766
    },
    "nvidia_openai_gpt_oss_120b": {
      "academic": 78.16552616655827,
      "literature": 40.78970268368721,
      "news": 72.42263466119766
    },
    "nvidia_moonshotai_kimi_k2_instruct": {
      "academic": 78.16552616655827,
      "literature": 40.78970268368721,
      "news": 72.42263466119766
    },
    "nvidia_nvidia_llama_3_1_nemotron_ultra_253b_v1": {
      "academic": 78.16552616655827,
      "literature": 40.78970268368721,
      "news": 72.42263466119766
    },
    "nvidia_writer_palmyra_creative_122b": {
      "academic": 78.16552616655827,
      "literature": 40.78970268368721,
      "news": 72.42263466119766
    },
    "nvidia_qwen_qwen3_coder_480b_a35b_instruct": {
      "academic": 78.16552616655827,
      "literature": 40.78970268368721,
      "news": 72.42263466119766
    },
    "nvidia_gotocompany_gemma_2_9b_cpt_sahabatai_instruct": {
      "academic": 78.16552616655827,
      "literature": 40.78970268368721,
      "news": 72.42263466119766
    }
  }
}