{
  "language_pair": "eng-tzm",
  "timestamp": "2025-09-17T06:26:49.056441",
  "models": {
    "nvidia_abacusai_dracarys_llama_3_1_70b_instruct": 43.05927228182554,
    "nvidia_ai21labs_jamba_1_5_large_instruct": 43.05927228182554,
    "nvidia_deepseek_ai_deepseek_r1_0528": 43.05927228182554,
    "nvidia_deepseek_ai_deepseek_v3_1": 43.05927228182554,
    "nvidia_google_gemma_2_27b_it": 43.05927228182554,
    "nvidia_gotocompany_gemma_2_9b_cpt_sahabatai_instruct": 43.05927228182554,
    "nvidia_meta_llama_3_3_70b_instruct": 43.05927228182554,
    "nvidia_moonshotai_kimi_k2_instruct": 43.05927228182554,
    "nvidia_nvidia_llama_3_1_nemotron_70b_instruct": 43.05927228182554,
    "nvidia_nvidia_llama_3_1_nemotron_ultra_253b_v1": 43.05927228182554,
    "nvidia_openai_gpt_oss_120b": 43.05927228182554,
    "nvidia_qwen_qwen3_coder_480b_a35b_instruct": 43.05927228182554,
    "nvidia_qwen_qwq_32b": 43.05927228182554,
    "nvidia_writer_palmyra_creative_122b": 43.05927228182554
  },
  "average_score": 43.05927228182554,
  "best_model": "nvidia_abacusai_dracarys_llama_3_1_70b_instruct",
  "best_score": 43.05927228182554,
  "source_breakdown": {
    "nvidia_deepseek_ai_deepseek_r1_0528": {
      "academic": 34.34406910091638,
      "literature": 54.38791632652283,
      "news": 40.445831418037415
    },
    "nvidia_ai21labs_jamba_1_5_large_instruct": {
      "academic": 34.34406910091638,
      "literature": 54.38791632652283,
      "news": 40.445831418037415
    },
    "nvidia_meta_llama_3_3_70b_instruct": {
      "academic": 34.34406910091638,
      "literature": 54.38791632652283,
      "news": 40.445831418037415
    },
    "nvidia_abacusai_dracarys_llama_3_1_70b_instruct": {
      "academic": 34.34406910091638,
      "literature": 54.38791632652283,
      "news": 40.445831418037415
    },
    "nvidia_qwen_qwq_32b": {
      "academic": 34.34406910091638,
      "literature": 54.38791632652283,
      "news": 40.445831418037415
    },
    "nvidia_google_gemma_2_27b_it": {
      "academic": 34.34406910091638,
      "literature": 54.38791632652283,
      "news": 40.445831418037415
    },
    "nvidia_nvidia_llama_3_1_nemotron_70b_instruct": {
      "academic": 34.34406910091638,
      "literature": 54.38791632652283,
      "news": 40.445831418037415
    },
    "nvidia_deepseek_ai_deepseek_v3_1": {
      "academic": 34.34406910091638,
      "literature": 54.38791632652283,
      "news": 40.445831418037415
    },
    "nvidia_openai_gpt_oss_120b": {
      "academic": 34.34406910091638,
      "literature": 54.38791632652283,
      "news": 40.445831418037415
    },
    "nvidia_moonshotai_kimi_k2_instruct": {
      "academic": 34.34406910091638,
      "literature": 54.38791632652283,
      "news": 40.445831418037415
    },
    "nvidia_nvidia_llama_3_1_nemotron_ultra_253b_v1": {
      "academic": 34.34406910091638,
      "literature": 54.38791632652283,
      "news": 40.445831418037415
    },
    "nvidia_writer_palmyra_creative_122b": {
      "academic": 34.34406910091638,
      "literature": 54.38791632652283,
      "news": 40.445831418037415
    },
    "nvidia_qwen_qwen3_coder_480b_a35b_instruct": {
      "academic": 34.34406910091638,
      "literature": 54.38791632652283,
      "news": 40.445831418037415
    },
    "nvidia_gotocompany_gemma_2_9b_cpt_sahabatai_instruct": {
      "academic": 34.34406910091638,
      "literature": 54.38791632652283,
      "news": 40.445831418037415
    }
  }
}