{
  "language_pair": "eng-lus",
  "timestamp": "2025-09-17T06:26:49.046143",
  "models": {
    "nvidia_abacusai_dracarys_llama_3_1_70b_instruct": 71.45085453987122,
    "nvidia_ai21labs_jamba_1_5_large_instruct": 71.45085453987122,
    "nvidia_deepseek_ai_deepseek_r1_0528": 71.45085453987122,
    "nvidia_deepseek_ai_deepseek_v3_1": 71.45085453987122,
    "nvidia_google_gemma_2_27b_it": 71.45085453987122,
    "nvidia_gotocompany_gemma_2_9b_cpt_sahabatai_instruct": 71.45085453987122,
    "nvidia_meta_llama_3_3_70b_instruct": 71.45085453987122,
    "nvidia_moonshotai_kimi_k2_instruct": 71.45085453987122,
    "nvidia_nvidia_llama_3_1_nemotron_70b_instruct": 71.45085453987122,
    "nvidia_nvidia_llama_3_1_nemotron_ultra_253b_v1": 71.45085453987122,
    "nvidia_openai_gpt_oss_120b": 71.45085453987122,
    "nvidia_qwen_qwen3_coder_480b_a35b_instruct": 71.45085453987122,
    "nvidia_qwen_qwq_32b": 71.45085453987122,
    "nvidia_writer_palmyra_creative_122b": 71.45085453987122
  },
  "average_score": 71.45085453987122,
  "best_model": "nvidia_abacusai_dracarys_llama_3_1_70b_instruct",
  "best_score": 71.45085453987122,
  "source_breakdown": {
    "nvidia_deepseek_ai_deepseek_r1_0528": {
      "academic": 81.45725846290588,
      "literature": 52.24992275238037,
      "news": 80.64538240432739
    },
    "nvidia_ai21labs_jamba_1_5_large_instruct": {
      "academic": 81.45725846290588,
      "literature": 52.24992275238037,
      "news": 80.64538240432739
    },
    "nvidia_meta_llama_3_3_70b_instruct": {
      "academic": 81.45725846290588,
      "literature": 52.24992275238037,
      "news": 80.64538240432739
    },
    "nvidia_abacusai_dracarys_llama_3_1_70b_instruct": {
      "academic": 81.45725846290588,
      "literature": 52.24992275238037,
      "news": 80.64538240432739
    },
    "nvidia_qwen_qwq_32b": {
      "academic": 81.45725846290588,
      "literature": 52.24992275238037,
      "news": 80.64538240432739
    },
    "nvidia_google_gemma_2_27b_it": {
      "academic": 81.45725846290588,
      "literature": 52.24992275238037,
      "news": 80.64538240432739
    },
    "nvidia_nvidia_llama_3_1_nemotron_70b_instruct": {
      "academic": 81.45725846290588,
      "literature": 52.24992275238037,
      "news": 80.64538240432739
    },
    "nvidia_deepseek_ai_deepseek_v3_1": {
      "academic": 81.45725846290588,
      "literature": 52.24992275238037,
      "news": 80.64538240432739
    },
    "nvidia_openai_gpt_oss_120b": {
      "academic": 81.45725846290588,
      "literature": 52.24992275238037,
      "news": 80.64538240432739
    },
    "nvidia_moonshotai_kimi_k2_instruct": {
      "academic": 81.45725846290588,
      "literature": 52.24992275238037,
      "news": 80.64538240432739
    },
    "nvidia_nvidia_llama_3_1_nemotron_ultra_253b_v1": {
      "academic": 81.45725846290588,
      "literature": 52.24992275238037,
      "news": 80.64538240432739
    },
    "nvidia_writer_palmyra_creative_122b": {
      "academic": 81.45725846290588,
      "literature": 52.24992275238037,
      "news": 80.64538240432739
    },
    "nvidia_qwen_qwen3_coder_480b_a35b_instruct": {
      "academic": 81.45725846290588,
      "literature": 52.24992275238037,
      "news": 80.64538240432739
    },
    "nvidia_gotocompany_gemma_2_9b_cpt_sahabatai_instruct": {
      "academic": 81.45725846290588,
      "literature": 52.24992275238037,
      "news": 80.64538240432739
    }
  }
}