{
  "timestamp": "2025-09-07T17:07:01.627745",
  "total_language_pairs": 1,
  "total_models": 3,
  "model_performance": {
    "nllb_200_1_3B": 77.17543941254567,
    "nllb_200_600": 74.67559104164442,
    "nllb_200_3_3B": 78.93216015413554
  },
  "best_overall_model": "nllb_200_3_3B",
  "best_overall_score": 78.93216015413554,
  "language_pairs": [
    "eng-twi"
  ]
}