{
  "timestamp": "2025-09-07T18:40:26.693025",
  "total_language_pairs": 3,
  "total_models": 3,
  "model_performance": {
    "nllb_200_3_3B": 82.55358819006268,
    "nllb_200_1_3B": 80.42796425621718,
    "nllb_200_600": 78.18276665051177
  },
  "best_overall_model": "nllb_200_3_3B",
  "best_overall_score": 82.55358819006268,
  "language_pairs": [
    "eng-hau",
    "eng-yor",
    "eng-twi"
  ]
}