{
  "timestamp": "2025-09-07T13:50:49.162364",
  "total_language_pairs": 1,
  "total_models": 1,
  "overall_average": 74.67559237748084,
  "by_language": {
    "eng-twi": 74.67559237748084
  },
  "by_model": {
    "nllb_200_600": 74.67559237748084
  }
}