{
  "timestamp": "2025-09-07T15:15:47.684898",
  "total_language_pairs": 1,
  "total_models": 1,
  "overall_average": 74.67559077824005,
  "by_language": {
    "eng-twi": 74.67559077824005
  },
  "by_model": {
    "600": 74.67559077824005
  }
}