{
  "language_pair": "eng-nus",
  "timestamp": "2025-09-17T06:26:49.092812",
  "models": {
    "nvidia_abacusai_dracarys_llama_3_1_70b_instruct": 19.21278932287047,
    "nvidia_ai21labs_jamba_1_5_large_instruct": 19.21278932287047,
    "nvidia_deepseek_ai_deepseek_r1_0528": 19.21278932287047,
    "nvidia_deepseek_ai_deepseek_v3_1": 19.21278932287047,
    "nvidia_google_gemma_2_27b_it": 19.21278932287047,
    "nvidia_gotocompany_gemma_2_9b_cpt_sahabatai_instruct": 19.21278932287047,
    "nvidia_meta_llama_3_3_70b_instruct": 19.21278932287047,
    "nvidia_moonshotai_kimi_k2_instruct": 19.21278932287047,
    "nvidia_nvidia_llama_3_1_nemotron_70b_instruct": 19.21278932287047,
    "nvidia_nvidia_llama_3_1_nemotron_ultra_253b_v1": 19.21278932287047,
    "nvidia_openai_gpt_oss_120b": 19.21278932287047,
    "nvidia_qwen_qwen3_coder_480b_a35b_instruct": 19.21278932287047,
    "nvidia_qwen_qwq_32b": 19.21278932287047,
    "nvidia_writer_palmyra_creative_122b": 19.21278932287047
  },
  "average_score": 19.212789322870467,
  "best_model": "nvidia_abacusai_dracarys_llama_3_1_70b_instruct",
  "best_score": 19.21278932287047,
  "source_breakdown": {
    "nvidia_deepseek_ai_deepseek_r1_0528": {
      "academic": 12.559517249464983,
      "literature": 17.65918262302875,
      "news": 27.419668096117668
    },
    "nvidia_ai21labs_jamba_1_5_large_instruct": {
      "academic": 12.559517249464983,
      "literature": 17.65918262302875,
      "news": 27.419668096117668
    },
    "nvidia_meta_llama_3_3_70b_instruct": {
      "academic": 12.559517249464983,
      "literature": 17.65918262302875,
      "news": 27.419668096117668
    },
    "nvidia_abacusai_dracarys_llama_3_1_70b_instruct": {
      "academic": 12.559517249464983,
      "literature": 17.65918262302875,
      "news": 27.419668096117668
    },
    "nvidia_qwen_qwq_32b": {
      "academic": 12.559517249464983,
      "literature": 17.65918262302875,
      "news": 27.419668096117668
    },
    "nvidia_google_gemma_2_27b_it": {
      "academic": 12.559517249464983,
      "literature": 17.65918262302875,
      "news": 27.419668096117668
    },
    "nvidia_nvidia_llama_3_1_nemotron_70b_instruct": {
      "academic": 12.559517249464983,
      "literature": 17.65918262302875,
      "news": 27.419668096117668
    },
    "nvidia_deepseek_ai_deepseek_v3_1": {
      "academic": 12.559517249464983,
      "literature": 17.65918262302875,
      "news": 27.419668096117668
    },
    "nvidia_openai_gpt_oss_120b": {
      "academic": 12.559517249464983,
      "literature": 17.65918262302875,
      "news": 27.419668096117668
    },
    "nvidia_moonshotai_kimi_k2_instruct": {
      "academic": 12.559517249464983,
      "literature": 17.65918262302875,
      "news": 27.419668096117668
    },
    "nvidia_nvidia_llama_3_1_nemotron_ultra_253b_v1": {
      "academic": 12.559517249464983,
      "literature": 17.65918262302875,
      "news": 27.419668096117668
    },
    "nvidia_writer_palmyra_creative_122b": {
      "academic": 12.559517249464983,
      "literature": 17.65918262302875,
      "news": 27.419668096117668
    },
    "nvidia_qwen_qwen3_coder_480b_a35b_instruct": {
      "academic": 12.559517249464983,
      "literature": 17.65918262302875,
      "news": 27.419668096117668
    },
    "nvidia_gotocompany_gemma_2_9b_cpt_sahabatai_instruct": {
      "academic": 12.559517249464983,
      "literature": 17.65918262302875,
      "news": 27.419668096117668
    }
  }
}