{
  "language_pair": "eng-kon",
  "timestamp": "2025-09-17T06:26:49.090800",
  "models": {
    "nvidia_abacusai_dracarys_llama_3_1_70b_instruct": 61.262641747792564,
    "nvidia_ai21labs_jamba_1_5_large_instruct": 61.262641747792564,
    "nvidia_deepseek_ai_deepseek_r1_0528": 61.262641747792564,
    "nvidia_deepseek_ai_deepseek_v3_1": 61.262641747792564,
    "nvidia_google_gemma_2_27b_it": 61.262641747792564,
    "nvidia_gotocompany_gemma_2_9b_cpt_sahabatai_instruct": 61.262641747792564,
    "nvidia_meta_llama_3_3_70b_instruct": 61.262641747792564,
    "nvidia_moonshotai_kimi_k2_instruct": 61.262641747792564,
    "nvidia_nvidia_llama_3_1_nemotron_70b_instruct": 61.262641747792564,
    "nvidia_nvidia_llama_3_1_nemotron_ultra_253b_v1": 61.262641747792564,
    "nvidia_openai_gpt_oss_120b": 61.262641747792564,
    "nvidia_qwen_qwen3_coder_480b_a35b_instruct": 61.262641747792564,
    "nvidia_qwen_qwq_32b": 61.262641747792564,
    "nvidia_writer_palmyra_creative_122b": 61.262641747792564
  },
  "average_score": 61.26264174779258,
  "best_model": "nvidia_abacusai_dracarys_llama_3_1_70b_instruct",
  "best_score": 61.262641747792564,
  "source_breakdown": {
    "nvidia_deepseek_ai_deepseek_r1_0528": {
      "academic": 68.70169520378113,
      "literature": 51.45829617977142,
      "news": 63.627933859825134
    },
    "nvidia_ai21labs_jamba_1_5_large_instruct": {
      "academic": 68.70169520378113,
      "literature": 51.45829617977142,
      "news": 63.627933859825134
    },
    "nvidia_meta_llama_3_3_70b_instruct": {
      "academic": 68.70169520378113,
      "literature": 51.45829617977142,
      "news": 63.627933859825134
    },
    "nvidia_abacusai_dracarys_llama_3_1_70b_instruct": {
      "academic": 68.70169520378113,
      "literature": 51.45829617977142,
      "news": 63.627933859825134
    },
    "nvidia_qwen_qwq_32b": {
      "academic": 68.70169520378113,
      "literature": 51.45829617977142,
      "news": 63.627933859825134
    },
    "nvidia_google_gemma_2_27b_it": {
      "academic": 68.70169520378113,
      "literature": 51.45829617977142,
      "news": 63.627933859825134
    },
    "nvidia_nvidia_llama_3_1_nemotron_70b_instruct": {
      "academic": 68.70169520378113,
      "literature": 51.45829617977142,
      "news": 63.627933859825134
    },
    "nvidia_deepseek_ai_deepseek_v3_1": {
      "academic": 68.70169520378113,
      "literature": 51.45829617977142,
      "news": 63.627933859825134
    },
    "nvidia_openai_gpt_oss_120b": {
      "academic": 68.70169520378113,
      "literature": 51.45829617977142,
      "news": 63.627933859825134
    },
    "nvidia_moonshotai_kimi_k2_instruct": {
      "academic": 68.70169520378113,
      "literature": 51.45829617977142,
      "news": 63.627933859825134
    },
    "nvidia_nvidia_llama_3_1_nemotron_ultra_253b_v1": {
      "academic": 68.70169520378113,
      "literature": 51.45829617977142,
      "news": 63.627933859825134
    },
    "nvidia_writer_palmyra_creative_122b": {
      "academic": 68.70169520378113,
      "literature": 51.45829617977142,
      "news": 63.627933859825134
    },
    "nvidia_qwen_qwen3_coder_480b_a35b_instruct": {
      "academic": 68.70169520378113,
      "literature": 51.45829617977142,
      "news": 63.627933859825134
    },
    "nvidia_gotocompany_gemma_2_9b_cpt_sahabatai_instruct": {
      "academic": 68.70169520378113,
      "literature": 51.45829617977142,
      "news": 63.627933859825134
    }
  }
}