{
  "language_pair": "eng-nso",
  "timestamp": "2025-09-17T06:26:49.027659",
  "models": {
    "nvidia_abacusai_dracarys_llama_3_1_70b_instruct": 57.060469686985016,
    "nvidia_ai21labs_jamba_1_5_large_instruct": 57.060469686985016,
    "nvidia_deepseek_ai_deepseek_r1_0528": 57.060469686985016,
    "nvidia_deepseek_ai_deepseek_v3_1": 57.060469686985016,
    "nvidia_google_gemma_2_27b_it": 57.060469686985016,
    "nvidia_gotocompany_gemma_2_9b_cpt_sahabatai_instruct": 57.060469686985016,
    "nvidia_meta_llama_3_3_70b_instruct": 57.060469686985016,
    "nvidia_moonshotai_kimi_k2_instruct": 57.060469686985016,
    "nvidia_nvidia_llama_3_1_nemotron_70b_instruct": 57.060469686985016,
    "nvidia_nvidia_llama_3_1_nemotron_ultra_253b_v1": 57.060469686985016,
    "nvidia_openai_gpt_oss_120b": 57.060469686985016,
    "nvidia_qwen_qwen3_coder_480b_a35b_instruct": 57.060469686985016,
    "nvidia_qwen_qwq_32b": 57.060469686985016,
    "nvidia_writer_palmyra_creative_122b": 57.060469686985016
  },
  "average_score": 57.060469686985016,
  "best_model": "nvidia_abacusai_dracarys_llama_3_1_70b_instruct",
  "best_score": 57.060469686985016,
  "source_breakdown": {
    "nvidia_deepseek_ai_deepseek_r1_0528": {
      "academic": 44.674589931964874,
      "literature": 63.872464299201965,
      "news": 62.63435482978821
    },
    "nvidia_ai21labs_jamba_1_5_large_instruct": {
      "academic": 44.674589931964874,
      "literature": 63.872464299201965,
      "news": 62.63435482978821
    },
    "nvidia_meta_llama_3_3_70b_instruct": {
      "academic": 44.674589931964874,
      "literature": 63.872464299201965,
      "news": 62.63435482978821
    },
    "nvidia_abacusai_dracarys_llama_3_1_70b_instruct": {
      "academic": 44.674589931964874,
      "literature": 63.872464299201965,
      "news": 62.63435482978821
    },
    "nvidia_qwen_qwq_32b": {
      "academic": 44.674589931964874,
      "literature": 63.872464299201965,
      "news": 62.63435482978821
    },
    "nvidia_google_gemma_2_27b_it": {
      "academic": 44.674589931964874,
      "literature": 63.872464299201965,
      "news": 62.63435482978821
    },
    "nvidia_nvidia_llama_3_1_nemotron_70b_instruct": {
      "academic": 44.674589931964874,
      "literature": 63.872464299201965,
      "news": 62.63435482978821
    },
    "nvidia_deepseek_ai_deepseek_v3_1": {
      "academic": 44.674589931964874,
      "literature": 63.872464299201965,
      "news": 62.63435482978821
    },
    "nvidia_openai_gpt_oss_120b": {
      "academic": 44.674589931964874,
      "literature": 63.872464299201965,
      "news": 62.63435482978821
    },
    "nvidia_moonshotai_kimi_k2_instruct": {
      "academic": 44.674589931964874,
      "literature": 63.872464299201965,
      "news": 62.63435482978821
    },
    "nvidia_nvidia_llama_3_1_nemotron_ultra_253b_v1": {
      "academic": 44.674589931964874,
      "literature": 63.872464299201965,
      "news": 62.63435482978821
    },
    "nvidia_writer_palmyra_creative_122b": {
      "academic": 44.674589931964874,
      "literature": 63.872464299201965,
      "news": 62.63435482978821
    },
    "nvidia_qwen_qwen3_coder_480b_a35b_instruct": {
      "academic": 44.674589931964874,
      "literature": 63.872464299201965,
      "news": 62.63435482978821
    },
    "nvidia_gotocompany_gemma_2_9b_cpt_sahabatai_instruct": {
      "academic": 44.674589931964874,
      "literature": 63.872464299201965,
      "news": 62.63435482978821
    }
  }
}