Model,Similarity Score (%),Raw Score
nllb_200_3_3B,81.81%,81.81209010307235
nllb_200_1_3B,79.26%,79.2611045179644
nllb_200_600,76.32%,76.31669997265844
