Model,Similarity Score (%),Raw Score
nllb_200_3_3B,78.93%,78.93216015413554
nllb_200_1_3B,77.18%,77.17543941254567
nllb_200_600,74.68%,74.67559104164442
