{
  "language_pair": "eng-nya",
  "timestamp": "2025-09-09T06:06:39.585503",
  "models": {
    "llama-4-maverick-17b-128e-instruct": 66.9952780008316
  },
  "average_score": 66.9952780008316,
  "best_model": "llama-4-maverick-17b-128e-instruct",
  "best_score": 66.9952780008316,
  "source_breakdown": {
    "llama-4-maverick-17b-128e-instruct": {
      "movies": 63.63744636376699,
      "news content": 72.6961056391398,
      "news titles": 80.7071348031362,
      "political monologue": 60.48654814561208,
      "religious": 51.38105352719625,
      "youtube comments": 73.0633795261383
    }
  }
}