{
  "language_pair": "eng-ssw",
  "timestamp": "2025-09-17T06:26:48.998319",
  "models": {
    "nvidia_abacusai_dracarys_llama_3_1_70b_instruct": 55.165274143218994,
    "nvidia_ai21labs_jamba_1_5_large_instruct": 55.165274143218994,
    "nvidia_deepseek_ai_deepseek_r1_0528": 55.165274143218994,
    "nvidia_deepseek_ai_deepseek_v3_1": 55.165274143218994,
    "nvidia_google_gemma_2_27b_it": 55.165274143218994,
    "nvidia_gotocompany_gemma_2_9b_cpt_sahabatai_instruct": 55.165274143218994,
    "nvidia_meta_llama_3_3_70b_instruct": 55.165274143218994,
    "nvidia_moonshotai_kimi_k2_instruct": 55.165274143218994,
    "nvidia_nvidia_llama_3_1_nemotron_70b_instruct": 55.165274143218994,
    "nvidia_nvidia_llama_3_1_nemotron_ultra_253b_v1": 55.165274143218994,
    "nvidia_openai_gpt_oss_120b": 55.165274143218994,
    "nvidia_qwen_qwen3_coder_480b_a35b_instruct": 55.165274143218994,
    "nvidia_qwen_qwq_32b": 55.165274143218994,
    "nvidia_writer_palmyra_creative_122b": 55.165274143218994
  },
  "average_score": 55.165274143218994,
  "best_model": "nvidia_abacusai_dracarys_llama_3_1_70b_instruct",
  "best_score": 55.165274143218994,
  "source_breakdown": {
    "nvidia_deepseek_ai_deepseek_r1_0528": {
      "academic": 43.37580472230911,
      "literature": 58.97355854511261,
      "news": 63.14645916223526
    },
    "nvidia_ai21labs_jamba_1_5_large_instruct": {
      "academic": 43.37580472230911,
      "literature": 58.97355854511261,
      "news": 63.14645916223526
    },
    "nvidia_meta_llama_3_3_70b_instruct": {
      "academic": 43.37580472230911,
      "literature": 58.97355854511261,
      "news": 63.14645916223526
    },
    "nvidia_abacusai_dracarys_llama_3_1_70b_instruct": {
      "academic": 43.37580472230911,
      "literature": 58.97355854511261,
      "news": 63.14645916223526
    },
    "nvidia_qwen_qwq_32b": {
      "academic": 43.37580472230911,
      "literature": 58.97355854511261,
      "news": 63.14645916223526
    },
    "nvidia_google_gemma_2_27b_it": {
      "academic": 43.37580472230911,
      "literature": 58.97355854511261,
      "news": 63.14645916223526
    },
    "nvidia_nvidia_llama_3_1_nemotron_70b_instruct": {
      "academic": 43.37580472230911,
      "literature": 58.97355854511261,
      "news": 63.14645916223526
    },
    "nvidia_deepseek_ai_deepseek_v3_1": {
      "academic": 43.37580472230911,
      "literature": 58.97355854511261,
      "news": 63.14645916223526
    },
    "nvidia_openai_gpt_oss_120b": {
      "academic": 43.37580472230911,
      "literature": 58.97355854511261,
      "news": 63.14645916223526
    },
    "nvidia_moonshotai_kimi_k2_instruct": {
      "academic": 43.37580472230911,
      "literature": 58.97355854511261,
      "news": 63.14645916223526
    },
    "nvidia_nvidia_llama_3_1_nemotron_ultra_253b_v1": {
      "academic": 43.37580472230911,
      "literature": 58.97355854511261,
      "news": 63.14645916223526
    },
    "nvidia_writer_palmyra_creative_122b": {
      "academic": 43.37580472230911,
      "literature": 58.97355854511261,
      "news": 63.14645916223526
    },
    "nvidia_qwen_qwen3_coder_480b_a35b_instruct": {
      "academic": 43.37580472230911,
      "literature": 58.97355854511261,
      "news": 63.14645916223526
    },
    "nvidia_gotocompany_gemma_2_9b_cpt_sahabatai_instruct": {
      "academic": 43.37580472230911,
      "literature": 58.97355854511261,
      "news": 63.14645916223526
    }
  }
}