{
  "language_pair": "eng-wol",
  "timestamp": "2025-09-17T06:26:49.038021",
  "models": {
    "nvidia_abacusai_dracarys_llama_3_1_70b_instruct": 49.189729715387024,
    "nvidia_ai21labs_jamba_1_5_large_instruct": 49.189729715387024,
    "nvidia_deepseek_ai_deepseek_r1_0528": 49.189729715387024,
    "nvidia_deepseek_ai_deepseek_v3_1": 49.189729715387024,
    "nvidia_google_gemma_2_27b_it": 49.189729715387024,
    "nvidia_gotocompany_gemma_2_9b_cpt_sahabatai_instruct": 49.189729715387024,
    "nvidia_meta_llama_3_3_70b_instruct": 49.189729715387024,
    "nvidia_moonshotai_kimi_k2_instruct": 49.189729715387024,
    "nvidia_nvidia_llama_3_1_nemotron_70b_instruct": 49.189729715387024,
    "nvidia_nvidia_llama_3_1_nemotron_ultra_253b_v1": 49.189729715387024,
    "nvidia_openai_gpt_oss_120b": 49.189729715387024,
    "nvidia_qwen_qwen3_coder_480b_a35b_instruct": 49.189729715387024,
    "nvidia_qwen_qwq_32b": 49.189729715387024,
    "nvidia_writer_palmyra_creative_122b": 49.189729715387024
  },
  "average_score": 49.189729715387024,
  "best_model": "nvidia_abacusai_dracarys_llama_3_1_70b_instruct",
  "best_score": 49.189729715387024,
  "source_breakdown": {
    "nvidia_deepseek_ai_deepseek_r1_0528": {
      "academic": 29.889431074261665,
      "literature": 45.28374433517456,
      "news": 72.39601373672485
    },
    "nvidia_ai21labs_jamba_1_5_large_instruct": {
      "academic": 29.889431074261665,
      "literature": 45.28374433517456,
      "news": 72.39601373672485
    },
    "nvidia_meta_llama_3_3_70b_instruct": {
      "academic": 29.889431074261665,
      "literature": 45.28374433517456,
      "news": 72.39601373672485
    },
    "nvidia_abacusai_dracarys_llama_3_1_70b_instruct": {
      "academic": 29.889431074261665,
      "literature": 45.28374433517456,
      "news": 72.39601373672485
    },
    "nvidia_qwen_qwq_32b": {
      "academic": 29.889431074261665,
      "literature": 45.28374433517456,
      "news": 72.39601373672485
    },
    "nvidia_google_gemma_2_27b_it": {
      "academic": 29.889431074261665,
      "literature": 45.28374433517456,
      "news": 72.39601373672485
    },
    "nvidia_nvidia_llama_3_1_nemotron_70b_instruct": {
      "academic": 29.889431074261665,
      "literature": 45.28374433517456,
      "news": 72.39601373672485
    },
    "nvidia_deepseek_ai_deepseek_v3_1": {
      "academic": 29.889431074261665,
      "literature": 45.28374433517456,
      "news": 72.39601373672485
    },
    "nvidia_openai_gpt_oss_120b": {
      "academic": 29.889431074261665,
      "literature": 45.28374433517456,
      "news": 72.39601373672485
    },
    "nvidia_moonshotai_kimi_k2_instruct": {
      "academic": 29.889431074261665,
      "literature": 45.28374433517456,
      "news": 72.39601373672485
    },
    "nvidia_nvidia_llama_3_1_nemotron_ultra_253b_v1": {
      "academic": 29.889431074261665,
      "literature": 45.28374433517456,
      "news": 72.39601373672485
    },
    "nvidia_writer_palmyra_creative_122b": {
      "academic": 29.889431074261665,
      "literature": 45.28374433517456,
      "news": 72.39601373672485
    },
    "nvidia_qwen_qwen3_coder_480b_a35b_instruct": {
      "academic": 29.889431074261665,
      "literature": 45.28374433517456,
      "news": 72.39601373672485
    },
    "nvidia_gotocompany_gemma_2_9b_cpt_sahabatai_instruct": {
      "academic": 29.889431074261665,
      "literature": 45.28374433517456,
      "news": 72.39601373672485
    }
  }
}