{
  "language_pair": "eng-dik",
  "timestamp": "2025-09-17T06:26:49.021541",
  "models": {
    "nvidia_abacusai_dracarys_llama_3_1_70b_instruct": 26.47049656758706,
    "nvidia_ai21labs_jamba_1_5_large_instruct": 26.47049656758706,
    "nvidia_deepseek_ai_deepseek_r1_0528": 26.47049656758706,
    "nvidia_deepseek_ai_deepseek_v3_1": 26.47049656758706,
    "nvidia_google_gemma_2_27b_it": 26.47049656758706,
    "nvidia_gotocompany_gemma_2_9b_cpt_sahabatai_instruct": 26.47049656758706,
    "nvidia_meta_llama_3_3_70b_instruct": 26.47049656758706,
    "nvidia_moonshotai_kimi_k2_instruct": 26.47049656758706,
    "nvidia_nvidia_llama_3_1_nemotron_70b_instruct": 26.47049656758706,
    "nvidia_nvidia_llama_3_1_nemotron_ultra_253b_v1": 26.47049656758706,
    "nvidia_openai_gpt_oss_120b": 26.47049656758706,
    "nvidia_qwen_qwen3_coder_480b_a35b_instruct": 26.47049656758706,
    "nvidia_qwen_qwq_32b": 26.47049656758706,
    "nvidia_writer_palmyra_creative_122b": 26.47049656758706
  },
  "average_score": 26.470496567587066,
  "best_model": "nvidia_abacusai_dracarys_llama_3_1_70b_instruct",
  "best_score": 26.47049656758706,
  "source_breakdown": {
    "nvidia_deepseek_ai_deepseek_r1_0528": {
      "academic": 14.495799019932747,
      "literature": 24.65161882340908,
      "news": 40.264071859419346
    },
    "nvidia_ai21labs_jamba_1_5_large_instruct": {
      "academic": 14.495799019932747,
      "literature": 24.65161882340908,
      "news": 40.264071859419346
    },
    "nvidia_meta_llama_3_3_70b_instruct": {
      "academic": 14.495799019932747,
      "literature": 24.65161882340908,
      "news": 40.264071859419346
    },
    "nvidia_abacusai_dracarys_llama_3_1_70b_instruct": {
      "academic": 14.495799019932747,
      "literature": 24.65161882340908,
      "news": 40.264071859419346
    },
    "nvidia_qwen_qwq_32b": {
      "academic": 14.495799019932747,
      "literature": 24.65161882340908,
      "news": 40.264071859419346
    },
    "nvidia_google_gemma_2_27b_it": {
      "academic": 14.495799019932747,
      "literature": 24.65161882340908,
      "news": 40.264071859419346
    },
    "nvidia_nvidia_llama_3_1_nemotron_70b_instruct": {
      "academic": 14.495799019932747,
      "literature": 24.65161882340908,
      "news": 40.264071859419346
    },
    "nvidia_deepseek_ai_deepseek_v3_1": {
      "academic": 14.495799019932747,
      "literature": 24.65161882340908,
      "news": 40.264071859419346
    },
    "nvidia_openai_gpt_oss_120b": {
      "academic": 14.495799019932747,
      "literature": 24.65161882340908,
      "news": 40.264071859419346
    },
    "nvidia_moonshotai_kimi_k2_instruct": {
      "academic": 14.495799019932747,
      "literature": 24.65161882340908,
      "news": 40.264071859419346
    },
    "nvidia_nvidia_llama_3_1_nemotron_ultra_253b_v1": {
      "academic": 14.495799019932747,
      "literature": 24.65161882340908,
      "news": 40.264071859419346
    },
    "nvidia_writer_palmyra_creative_122b": {
      "academic": 14.495799019932747,
      "literature": 24.65161882340908,
      "news": 40.264071859419346
    },
    "nvidia_qwen_qwen3_coder_480b_a35b_instruct": {
      "academic": 14.495799019932747,
      "literature": 24.65161882340908,
      "news": 40.264071859419346
    },
    "nvidia_gotocompany_gemma_2_9b_cpt_sahabatai_instruct": {
      "academic": 14.495799019932747,
      "literature": 24.65161882340908,
      "news": 40.264071859419346
    }
  }
}