{
  "language_pair": "eng-dyu",
  "timestamp": "2025-09-17T06:26:49.035877",
  "models": {
    "nvidia_abacusai_dracarys_llama_3_1_70b_instruct": 25.361694584134966,
    "nvidia_ai21labs_jamba_1_5_large_instruct": 25.361694584134966,
    "nvidia_deepseek_ai_deepseek_r1_0528": 25.361694584134966,
    "nvidia_deepseek_ai_deepseek_v3_1": 25.361694584134966,
    "nvidia_google_gemma_2_27b_it": 25.361694584134966,
    "nvidia_gotocompany_gemma_2_9b_cpt_sahabatai_instruct": 25.361694584134966,
    "nvidia_meta_llama_3_3_70b_instruct": 25.361694584134966,
    "nvidia_moonshotai_kimi_k2_instruct": 25.361694584134966,
    "nvidia_nvidia_llama_3_1_nemotron_70b_instruct": 25.361694584134966,
    "nvidia_nvidia_llama_3_1_nemotron_ultra_253b_v1": 25.361694584134966,
    "nvidia_openai_gpt_oss_120b": 25.361694584134966,
    "nvidia_qwen_qwen3_coder_480b_a35b_instruct": 25.361694584134966,
    "nvidia_qwen_qwq_32b": 25.361694584134966,
    "nvidia_writer_palmyra_creative_122b": 25.361694584134966
  },
  "average_score": 25.361694584134966,
  "best_model": "nvidia_abacusai_dracarys_llama_3_1_70b_instruct",
  "best_score": 25.361694584134966,
  "source_breakdown": {
    "nvidia_deepseek_ai_deepseek_r1_0528": {
      "academic": 3.622123941313472,
      "literature": 29.758923575282097,
      "news": 42.704036235809326
    },
    "nvidia_ai21labs_jamba_1_5_large_instruct": {
      "academic": 3.622123941313472,
      "literature": 29.758923575282097,
      "news": 42.704036235809326
    },
    "nvidia_meta_llama_3_3_70b_instruct": {
      "academic": 3.622123941313472,
      "literature": 29.758923575282097,
      "news": 42.704036235809326
    },
    "nvidia_abacusai_dracarys_llama_3_1_70b_instruct": {
      "academic": 3.622123941313472,
      "literature": 29.758923575282097,
      "news": 42.704036235809326
    },
    "nvidia_qwen_qwq_32b": {
      "academic": 3.622123941313472,
      "literature": 29.758923575282097,
      "news": 42.704036235809326
    },
    "nvidia_google_gemma_2_27b_it": {
      "academic": 3.622123941313472,
      "literature": 29.758923575282097,
      "news": 42.704036235809326
    },
    "nvidia_nvidia_llama_3_1_nemotron_70b_instruct": {
      "academic": 3.622123941313472,
      "literature": 29.758923575282097,
      "news": 42.704036235809326
    },
    "nvidia_deepseek_ai_deepseek_v3_1": {
      "academic": 3.622123941313472,
      "literature": 29.758923575282097,
      "news": 42.704036235809326
    },
    "nvidia_openai_gpt_oss_120b": {
      "academic": 3.622123941313472,
      "literature": 29.758923575282097,
      "news": 42.704036235809326
    },
    "nvidia_moonshotai_kimi_k2_instruct": {
      "academic": 3.622123941313472,
      "literature": 29.758923575282097,
      "news": 42.704036235809326
    },
    "nvidia_nvidia_llama_3_1_nemotron_ultra_253b_v1": {
      "academic": 3.622123941313472,
      "literature": 29.758923575282097,
      "news": 42.704036235809326
    },
    "nvidia_writer_palmyra_creative_122b": {
      "academic": 3.622123941313472,
      "literature": 29.758923575282097,
      "news": 42.704036235809326
    },
    "nvidia_qwen_qwen3_coder_480b_a35b_instruct": {
      "academic": 3.622123941313472,
      "literature": 29.758923575282097,
      "news": 42.704036235809326
    },
    "nvidia_gotocompany_gemma_2_9b_cpt_sahabatai_instruct": {
      "academic": 3.622123941313472,
      "literature": 29.758923575282097,
      "news": 42.704036235809326
    }
  }
}