{
  "language_pair": "eng-mos",
  "timestamp": "2025-09-17T06:26:49.070623",
  "models": {
    "nvidia_abacusai_dracarys_llama_3_1_70b_instruct": 24.00876173128684,
    "nvidia_ai21labs_jamba_1_5_large_instruct": 24.00876173128684,
    "nvidia_deepseek_ai_deepseek_r1_0528": 24.00876173128684,
    "nvidia_deepseek_ai_deepseek_v3_1": 24.00876173128684,
    "nvidia_google_gemma_2_27b_it": 24.00876173128684,
    "nvidia_gotocompany_gemma_2_9b_cpt_sahabatai_instruct": 24.00876173128684,
    "nvidia_meta_llama_3_3_70b_instruct": 24.00876173128684,
    "nvidia_moonshotai_kimi_k2_instruct": 24.00876173128684,
    "nvidia_nvidia_llama_3_1_nemotron_70b_instruct": 24.00876173128684,
    "nvidia_nvidia_llama_3_1_nemotron_ultra_253b_v1": 24.00876173128684,
    "nvidia_openai_gpt_oss_120b": 24.00876173128684,
    "nvidia_qwen_qwen3_coder_480b_a35b_instruct": 24.00876173128684,
    "nvidia_qwen_qwq_32b": 24.00876173128684,
    "nvidia_writer_palmyra_creative_122b": 24.00876173128684
  },
  "average_score": 24.00876173128683,
  "best_model": "nvidia_abacusai_dracarys_llama_3_1_70b_instruct",
  "best_score": 24.00876173128684,
  "source_breakdown": {
    "nvidia_deepseek_ai_deepseek_r1_0528": {
      "academic": 16.48827157914638,
      "literature": 24.576321430504315,
      "news": 30.961692184209824
    },
    "nvidia_ai21labs_jamba_1_5_large_instruct": {
      "academic": 16.48827157914638,
      "literature": 24.576321430504315,
      "news": 30.961692184209824
    },
    "nvidia_meta_llama_3_3_70b_instruct": {
      "academic": 16.48827157914638,
      "literature": 24.576321430504315,
      "news": 30.961692184209824
    },
    "nvidia_abacusai_dracarys_llama_3_1_70b_instruct": {
      "academic": 16.48827157914638,
      "literature": 24.576321430504315,
      "news": 30.961692184209824
    },
    "nvidia_qwen_qwq_32b": {
      "academic": 16.48827157914638,
      "literature": 24.576321430504315,
      "news": 30.961692184209824
    },
    "nvidia_google_gemma_2_27b_it": {
      "academic": 16.48827157914638,
      "literature": 24.576321430504315,
      "news": 30.961692184209824
    },
    "nvidia_nvidia_llama_3_1_nemotron_70b_instruct": {
      "academic": 16.48827157914638,
      "literature": 24.576321430504315,
      "news": 30.961692184209824
    },
    "nvidia_deepseek_ai_deepseek_v3_1": {
      "academic": 16.48827157914638,
      "literature": 24.576321430504315,
      "news": 30.961692184209824
    },
    "nvidia_openai_gpt_oss_120b": {
      "academic": 16.48827157914638,
      "literature": 24.576321430504315,
      "news": 30.961692184209824
    },
    "nvidia_moonshotai_kimi_k2_instruct": {
      "academic": 16.48827157914638,
      "literature": 24.576321430504315,
      "news": 30.961692184209824
    },
    "nvidia_nvidia_llama_3_1_nemotron_ultra_253b_v1": {
      "academic": 16.48827157914638,
      "literature": 24.576321430504315,
      "news": 30.961692184209824
    },
    "nvidia_writer_palmyra_creative_122b": {
      "academic": 16.48827157914638,
      "literature": 24.576321430504315,
      "news": 30.961692184209824
    },
    "nvidia_qwen_qwen3_coder_480b_a35b_instruct": {
      "academic": 16.48827157914638,
      "literature": 24.576321430504315,
      "news": 30.961692184209824
    },
    "nvidia_gotocompany_gemma_2_9b_cpt_sahabatai_instruct": {
      "academic": 16.48827157914638,
      "literature": 24.576321430504315,
      "news": 30.961692184209824
    }
  }
}