{
  "language_pair": "eng-yor",
  "timestamp": "2025-09-17T06:26:49.068619",
  "models": {
    "nvidia_abacusai_dracarys_llama_3_1_70b_instruct": 72.05449004968007,
    "nvidia_ai21labs_jamba_1_5_large_instruct": 72.05449004968007,
    "nvidia_deepseek_ai_deepseek_r1_0528": 72.05449004968007,
    "nvidia_deepseek_ai_deepseek_v3_1": 72.05449004968007,
    "nvidia_google_gemma_2_27b_it": 72.05449004968007,
    "nvidia_gotocompany_gemma_2_9b_cpt_sahabatai_instruct": 72.05449004968007,
    "nvidia_meta_llama_3_3_70b_instruct": 72.05449004968007,
    "nvidia_moonshotai_kimi_k2_instruct": 72.05449004968007,
    "nvidia_nvidia_llama_3_1_nemotron_70b_instruct": 72.05449004968007,
    "nvidia_nvidia_llama_3_1_nemotron_ultra_253b_v1": 72.05449004968007,
    "nvidia_openai_gpt_oss_120b": 72.05449004968007,
    "nvidia_qwen_qwen3_coder_480b_a35b_instruct": 72.05449004968007,
    "nvidia_qwen_qwq_32b": 72.05449004968007,
    "nvidia_writer_palmyra_creative_122b": 72.05449004968007
  },
  "average_score": 72.05449004968008,
  "best_model": "nvidia_abacusai_dracarys_llama_3_1_70b_instruct",
  "best_score": 72.05449004968007,
  "source_breakdown": {
    "nvidia_deepseek_ai_deepseek_r1_0528": {
      "academic": 57.61899769306183,
      "literature": 81.56172037124634,
      "news": 76.98275208473206
    },
    "nvidia_ai21labs_jamba_1_5_large_instruct": {
      "academic": 57.61899769306183,
      "literature": 81.56172037124634,
      "news": 76.98275208473206
    },
    "nvidia_meta_llama_3_3_70b_instruct": {
      "academic": 57.61899769306183,
      "literature": 81.56172037124634,
      "news": 76.98275208473206
    },
    "nvidia_abacusai_dracarys_llama_3_1_70b_instruct": {
      "academic": 57.61899769306183,
      "literature": 81.56172037124634,
      "news": 76.98275208473206
    },
    "nvidia_qwen_qwq_32b": {
      "academic": 57.61899769306183,
      "literature": 81.56172037124634,
      "news": 76.98275208473206
    },
    "nvidia_google_gemma_2_27b_it": {
      "academic": 57.61899769306183,
      "literature": 81.56172037124634,
      "news": 76.98275208473206
    },
    "nvidia_nvidia_llama_3_1_nemotron_70b_instruct": {
      "academic": 57.61899769306183,
      "literature": 81.56172037124634,
      "news": 76.98275208473206
    },
    "nvidia_deepseek_ai_deepseek_v3_1": {
      "academic": 57.61899769306183,
      "literature": 81.56172037124634,
      "news": 76.98275208473206
    },
    "nvidia_openai_gpt_oss_120b": {
      "academic": 57.61899769306183,
      "literature": 81.56172037124634,
      "news": 76.98275208473206
    },
    "nvidia_moonshotai_kimi_k2_instruct": {
      "academic": 57.61899769306183,
      "literature": 81.56172037124634,
      "news": 76.98275208473206
    },
    "nvidia_nvidia_llama_3_1_nemotron_ultra_253b_v1": {
      "academic": 57.61899769306183,
      "literature": 81.56172037124634,
      "news": 76.98275208473206
    },
    "nvidia_writer_palmyra_creative_122b": {
      "academic": 57.61899769306183,
      "literature": 81.56172037124634,
      "news": 76.98275208473206
    },
    "nvidia_qwen_qwen3_coder_480b_a35b_instruct": {
      "academic": 57.61899769306183,
      "literature": 81.56172037124634,
      "news": 76.98275208473206
    },
    "nvidia_gotocompany_gemma_2_9b_cpt_sahabatai_instruct": {
      "academic": 57.61899769306183,
      "literature": 81.56172037124634,
      "news": 76.98275208473206
    }
  }
}