{
  "language_pair": "eng-tum",
  "timestamp": "2025-09-17T06:26:49.023590",
  "models": {
    "nvidia_abacusai_dracarys_llama_3_1_70b_instruct": 83.54597250620525,
    "nvidia_ai21labs_jamba_1_5_large_instruct": 83.54597250620525,
    "nvidia_deepseek_ai_deepseek_r1_0528": 83.54597250620525,
    "nvidia_deepseek_ai_deepseek_v3_1": 83.54597250620525,
    "nvidia_google_gemma_2_27b_it": 83.54597250620525,
    "nvidia_gotocompany_gemma_2_9b_cpt_sahabatai_instruct": 83.54597250620525,
    "nvidia_meta_llama_3_3_70b_instruct": 83.54597250620525,
    "nvidia_moonshotai_kimi_k2_instruct": 83.54597250620525,
    "nvidia_nvidia_llama_3_1_nemotron_70b_instruct": 83.54597250620525,
    "nvidia_nvidia_llama_3_1_nemotron_ultra_253b_v1": 83.54597250620525,
    "nvidia_openai_gpt_oss_120b": 83.54597250620525,
    "nvidia_qwen_qwen3_coder_480b_a35b_instruct": 83.54597250620525,
    "nvidia_qwen_qwq_32b": 83.54597250620525,
    "nvidia_writer_palmyra_creative_122b": 83.54597250620525
  },
  "average_score": 83.54597250620523,
  "best_model": "nvidia_abacusai_dracarys_llama_3_1_70b_instruct",
  "best_score": 83.54597250620525,
  "source_breakdown": {
    "nvidia_deepseek_ai_deepseek_r1_0528": {
      "academic": 85.7282853126526,
      "literature": 82.29693174362183,
      "news": 82.61270046234131
    },
    "nvidia_ai21labs_jamba_1_5_large_instruct": {
      "academic": 85.7282853126526,
      "literature": 82.29693174362183,
      "news": 82.61270046234131
    },
    "nvidia_meta_llama_3_3_70b_instruct": {
      "academic": 85.7282853126526,
      "literature": 82.29693174362183,
      "news": 82.61270046234131
    },
    "nvidia_abacusai_dracarys_llama_3_1_70b_instruct": {
      "academic": 85.7282853126526,
      "literature": 82.29693174362183,
      "news": 82.61270046234131
    },
    "nvidia_qwen_qwq_32b": {
      "academic": 85.7282853126526,
      "literature": 82.29693174362183,
      "news": 82.61270046234131
    },
    "nvidia_google_gemma_2_27b_it": {
      "academic": 85.7282853126526,
      "literature": 82.29693174362183,
      "news": 82.61270046234131
    },
    "nvidia_nvidia_llama_3_1_nemotron_70b_instruct": {
      "academic": 85.7282853126526,
      "literature": 82.29693174362183,
      "news": 82.61270046234131
    },
    "nvidia_deepseek_ai_deepseek_v3_1": {
      "academic": 85.7282853126526,
      "literature": 82.29693174362183,
      "news": 82.61270046234131
    },
    "nvidia_openai_gpt_oss_120b": {
      "academic": 85.7282853126526,
      "literature": 82.29693174362183,
      "news": 82.61270046234131
    },
    "nvidia_moonshotai_kimi_k2_instruct": {
      "academic": 85.7282853126526,
      "literature": 82.29693174362183,
      "news": 82.61270046234131
    },
    "nvidia_nvidia_llama_3_1_nemotron_ultra_253b_v1": {
      "academic": 85.7282853126526,
      "literature": 82.29693174362183,
      "news": 82.61270046234131
    },
    "nvidia_writer_palmyra_creative_122b": {
      "academic": 85.7282853126526,
      "literature": 82.29693174362183,
      "news": 82.61270046234131
    },
    "nvidia_qwen_qwen3_coder_480b_a35b_instruct": {
      "academic": 85.7282853126526,
      "literature": 82.29693174362183,
      "news": 82.61270046234131
    },
    "nvidia_gotocompany_gemma_2_9b_cpt_sahabatai_instruct": {
      "academic": 85.7282853126526,
      "literature": 82.29693174362183,
      "news": 82.61270046234131
    }
  }
}