{
  "language_pair": "eng-tsn",
  "timestamp": "2025-09-17T06:26:49.019468",
  "models": {
    "nvidia_abacusai_dracarys_llama_3_1_70b_instruct": 59.355827967325844,
    "nvidia_ai21labs_jamba_1_5_large_instruct": 59.355827967325844,
    "nvidia_deepseek_ai_deepseek_r1_0528": 59.355827967325844,
    "nvidia_deepseek_ai_deepseek_v3_1": 59.355827967325844,
    "nvidia_google_gemma_2_27b_it": 59.355827967325844,
    "nvidia_gotocompany_gemma_2_9b_cpt_sahabatai_instruct": 59.355827967325844,
    "nvidia_meta_llama_3_3_70b_instruct": 59.355827967325844,
    "nvidia_moonshotai_kimi_k2_instruct": 59.355827967325844,
    "nvidia_nvidia_llama_3_1_nemotron_70b_instruct": 59.355827967325844,
    "nvidia_nvidia_llama_3_1_nemotron_ultra_253b_v1": 59.355827967325844,
    "nvidia_openai_gpt_oss_120b": 59.355827967325844,
    "nvidia_qwen_qwen3_coder_480b_a35b_instruct": 59.355827967325844,
    "nvidia_qwen_qwq_32b": 59.355827967325844,
    "nvidia_writer_palmyra_creative_122b": 59.355827967325844
  },
  "average_score": 59.35582796732583,
  "best_model": "nvidia_abacusai_dracarys_llama_3_1_70b_instruct",
  "best_score": 59.355827967325844,
  "source_breakdown": {
    "nvidia_deepseek_ai_deepseek_r1_0528": {
      "academic": 42.00744092464447,
      "literature": 67.7048534154892,
      "news": 68.35518956184387
    },
    "nvidia_ai21labs_jamba_1_5_large_instruct": {
      "academic": 42.00744092464447,
      "literature": 67.7048534154892,
      "news": 68.35518956184387
    },
    "nvidia_meta_llama_3_3_70b_instruct": {
      "academic": 42.00744092464447,
      "literature": 67.7048534154892,
      "news": 68.35518956184387
    },
    "nvidia_abacusai_dracarys_llama_3_1_70b_instruct": {
      "academic": 42.00744092464447,
      "literature": 67.7048534154892,
      "news": 68.35518956184387
    },
    "nvidia_qwen_qwq_32b": {
      "academic": 42.00744092464447,
      "literature": 67.7048534154892,
      "news": 68.35518956184387
    },
    "nvidia_google_gemma_2_27b_it": {
      "academic": 42.00744092464447,
      "literature": 67.7048534154892,
      "news": 68.35518956184387
    },
    "nvidia_nvidia_llama_3_1_nemotron_70b_instruct": {
      "academic": 42.00744092464447,
      "literature": 67.7048534154892,
      "news": 68.35518956184387
    },
    "nvidia_deepseek_ai_deepseek_v3_1": {
      "academic": 42.00744092464447,
      "literature": 67.7048534154892,
      "news": 68.35518956184387
    },
    "nvidia_openai_gpt_oss_120b": {
      "academic": 42.00744092464447,
      "literature": 67.7048534154892,
      "news": 68.35518956184387
    },
    "nvidia_moonshotai_kimi_k2_instruct": {
      "academic": 42.00744092464447,
      "literature": 67.7048534154892,
      "news": 68.35518956184387
    },
    "nvidia_nvidia_llama_3_1_nemotron_ultra_253b_v1": {
      "academic": 42.00744092464447,
      "literature": 67.7048534154892,
      "news": 68.35518956184387
    },
    "nvidia_writer_palmyra_creative_122b": {
      "academic": 42.00744092464447,
      "literature": 67.7048534154892,
      "news": 68.35518956184387
    },
    "nvidia_qwen_qwen3_coder_480b_a35b_instruct": {
      "academic": 42.00744092464447,
      "literature": 67.7048534154892,
      "news": 68.35518956184387
    },
    "nvidia_gotocompany_gemma_2_9b_cpt_sahabatai_instruct": {
      "academic": 42.00744092464447,
      "literature": 67.7048534154892,
      "news": 68.35518956184387
    }
  }
}