Model,Similarity Score (%),Raw Score
nllb_200_3_3B,86.92%,86.91651431298015
nllb_200_1_3B,84.85%,84.84734883814147
nllb_200_600,83.53%,83.52846786229297
